run_id,timestamp,team,model_type,gpu_count,gpu_type,gpu_tdp_w,duration_h,pue,carbon_intensity,renewable_pct,energy_kwh,co2_kg,green_score
RUN-0001,2024-03-19 03:00:00,NLP-Team,LLM,2,NVIDIA V100 (300W),400,78.29,1.17,28.0,99.0,73.28,2.052,100.0
RUN-0002,2023-03-22 04:00:00,ML-Team-A,CNN,16,NVIDIA A100 (400W),300,4.98,1.49,149.6,65.4,35.62,5.328,95.3
RUN-0003,2024-08-03 14:00:00,CV-Team,Tabular,1,NVIDIA A100 (400W),450,15.29,1.3,28.0,99.0,8.94,0.25,100.0
RUN-0004,2024-06-26 14:00:00,Research,RL,1,NVIDIA H100 (700W),300,6.07,1.87,28.0,99.0,3.41,0.095,100.0
RUN-0005,2023-06-11 19:00:00,ML-Team-A,Tabular,16,NVIDIA 3090 (350W),350,67.45,1.71,132.7,99.0,645.9,85.711,100.0
RUN-0006,2023-09-15 12:00:00,ML-Team-A,Tabular,4,NVIDIA H100 (700W),200,65.96,1.16,128.6,99.0,61.21,7.87,100.0
RUN-0007,2024-11-09 18:00:00,NLP-Team,RL,32,NVIDIA V100 (300W),450,51.6,1.38,28.0,99.0,1025.4,28.711,100.0
RUN-0008,2024-02-15 06:00:00,NLP-Team,Diffusion,2,NVIDIA 3090 (350W),300,84.03,1.32,28.0,99.0,66.55,1.863,100.0
RUN-0009,2024-11-07 23:00:00,ML-Team-A,LLM,4,NVIDIA 3090 (350W),700,54.14,1.65,28.0,99.0,250.13,7.004,100.0
RUN-0010,2024-07-25 21:00:00,ML-Team-A,Transformer,2,NVIDIA A100 (400W),350,18.66,1.54,28.0,99.0,20.12,0.563,100.0
RUN-0011,2024-03-05 08:00:00,Infra,LLM,4,NVIDIA A100 (400W),700,42.35,1.55,28.0,99.0,183.8,5.146,100.0
RUN-0012,2024-01-05 13:00:00,CV-Team,Diffusion,8,NVIDIA 3090 (350W),700,79.87,1.15,28.0,99.0,514.36,14.402,100.0
RUN-0013,2024-09-01 10:00:00,ML-Team-A,RL,4,NVIDIA V100 (300W),700,46.6,1.7,28.0,99.0,221.82,6.211,100.0
RUN-0014,2023-08-19 10:00:00,Research,CNN,16,NVIDIA H100 (700W),200,59.5,1.3,166.6,99.0,247.52,41.239,100.0
RUN-0015,2024-06-28 06:00:00,NLP-Team,Diffusion,8,NVIDIA H100 (700W),400,10.13,1.5,28.0,99.0,48.62,1.361,100.0
RUN-0016,2024-08-11 19:00:00,Research,Transformer,64,NVIDIA 4090 (450W),450,33.77,1.47,28.0,99.0,1429.69,40.031,100.0
RUN-0017,2023-11-13 01:00:00,ML-Team-B,LLM,2,NVIDIA 4090 (450W),200,21.56,1.31,28.0,99.0,11.3,0.316,100.0
RUN-0018,2023-09-07 23:00:00,Research,Tabular,4,NVIDIA 3090 (350W),350,0.99,1.48,28.0,99.0,2.05,0.057,100.0
RUN-0019,2024-03-12 00:00:00,CV-Team,Transformer,2,NVIDIA A100 (400W),700,103.17,1.96,28.0,99.0,283.1,7.927,100.0
RUN-0020,2024-09-16 11:00:00,Infra,RL,64,NVIDIA A100 (400W),700,95.85,1.45,28.0,99.0,6226.42,174.34,100.0
RUN-0021,2024-10-20 10:00:00,ML-Team-B,RL,32,NVIDIA H100 (700W),400,7.94,1.16,28.0,99.0,117.89,3.301,100.0
RUN-0022,2023-06-01 02:00:00,ML-Team-B,Tabular,4,NVIDIA A100 (400W),450,6.78,1.1,110.4,99.0,13.42,1.481,100.0
RUN-0023,2024-05-12 10:00:00,Infra,CNN,16,NVIDIA V100 (300W),200,8.9,1.29,28.0,99.0,36.74,1.029,100.0
RUN-0024,2024-04-20 07:00:00,Infra,RL,16,NVIDIA 4090 (450W),350,57.16,1.2,28.0,99.0,384.12,10.755,100.0
RUN-0025,2024-10-23 14:00:00,CV-Team,Diffusion,4,NVIDIA 4090 (450W),200,17.72,1.77,28.0,99.0,25.09,0.703,100.0
RUN-0026,2023-08-10 10:00:00,Research,CNN,16,NVIDIA 3090 (350W),200,25.02,1.96,142.4,99.0,156.93,22.342,100.0
RUN-0027,2023-02-07 22:00:00,ML-Team-A,Transformer,64,NVIDIA V100 (300W),450,36.12,1.68,74.8,52.8,1747.63,130.723,100.0
RUN-0028,2024-12-09 18:00:00,NLP-Team,Vision,4,NVIDIA 3090 (350W),300,43.01,1.3,28.0,99.0,67.1,1.879,100.0
RUN-0029,2024-03-27 02:00:00,ML-Team-B,Vision,32,NVIDIA H100 (700W),300,73.78,1.81,28.0,99.0,1282.0,35.896,100.0
RUN-0030,2024-07-02 01:00:00,CV-Team,LLM,32,NVIDIA A100 (400W),300,24.39,1.54,28.0,99.0,360.58,10.096,100.0
RUN-0031,2024-01-18 11:00:00,Research,RL,8,NVIDIA V100 (300W),350,23.64,1.64,28.0,99.0,108.55,3.039,100.0
RUN-0032,2024-05-13 20:00:00,Research,CNN,1,NVIDIA 4090 (450W),300,12.71,1.52,28.0,99.0,5.8,0.162,100.0
RUN-0033,2023-01-04 14:00:00,CV-Team,LLM,8,NVIDIA 4090 (450W),700,41.61,1.68,169.6,29.6,391.47,66.409,72.4
RUN-0034,2023-10-01 03:00:00,ML-Team-A,Vision,8,NVIDIA 4090 (450W),300,52.35,1.67,28.0,99.0,209.82,5.875,100.0
RUN-0035,2024-09-25 08:00:00,ML-Team-B,CNN,8,NVIDIA A100 (400W),700,113.64,1.75,28.0,99.0,1113.67,31.183,100.0
RUN-0036,2023-07-27 08:00:00,NLP-Team,RL,16,NVIDIA V100 (300W),400,96.88,1.23,179.0,99.0,762.64,136.543,100.0
RUN-0037,2023-08-02 20:00:00,CV-Team,Transformer,16,NVIDIA A100 (400W),450,16.15,1.11,115.1,99.0,129.07,14.861,100.0
RUN-0038,2024-12-20 23:00:00,ML-Team-B,LLM,32,NVIDIA V100 (300W),300,52.34,1.88,28.0,99.0,944.63,26.45,100.0
RUN-0039,2023-10-19 12:00:00,Research,Tabular,4,NVIDIA 4090 (450W),450,29.24,1.63,74.2,99.0,85.79,6.362,100.0
RUN-0040,2023-06-29 23:00:00,NLP-Team,Vision,1,NVIDIA 3090 (350W),700,42.78,1.51,108.9,99.0,45.22,4.925,100.0
RUN-0041,2024-07-29 07:00:00,NLP-Team,LLM,64,NVIDIA 4090 (450W),450,16.13,1.24,28.0,99.0,576.03,16.129,100.0
RUN-0042,2023-09-09 00:00:00,ML-Team-B,RL,16,NVIDIA 3090 (350W),200,93.24,1.23,34.5,99.0,366.99,12.676,100.0
RUN-0043,2023-06-15 07:00:00,NLP-Team,RL,16,NVIDIA A100 (400W),200,39.45,1.57,134.9,99.0,198.2,26.745,100.0
RUN-0044,2023-03-20 13:00:00,NLP-Team,RL,2,NVIDIA 3090 (350W),300,33.59,1.8,174.7,27.1,36.28,6.338,69.9
RUN-0045,2023-02-09 01:00:00,NLP-Team,Tabular,64,NVIDIA 3090 (350W),200,53.47,1.65,89.9,55.0,1129.29,101.501,100.0
RUN-0046,2023-10-01 06:00:00,Infra,Tabular,32,NVIDIA H100 (700W),350,54.56,1.58,59.6,99.0,965.49,57.572,100.0
RUN-0047,2024-12-16 08:00:00,Infra,CNN,4,NVIDIA 4090 (450W),450,107.18,1.28,28.0,99.0,246.94,6.914,100.0
RUN-0048,2023-06-17 01:00:00,Infra,LLM,8,NVIDIA H100 (700W),400,38.26,1.7,131.0,99.0,208.13,27.271,100.0
RUN-0049,2024-02-19 09:00:00,CV-Team,Transformer,64,NVIDIA V100 (300W),200,107.69,1.24,28.0,99.0,1709.26,47.859,100.0
RUN-0050,2023-07-16 05:00:00,ML-Team-A,RL,4,NVIDIA 4090 (450W),300,116.12,1.3,132.6,99.0,181.15,24.017,100.0
RUN-0051,2023-08-12 06:00:00,NLP-Team,RL,32,NVIDIA V100 (300W),300,19.8,1.49,84.8,99.0,283.22,24.014,100.0
RUN-0052,2024-07-30 04:00:00,ML-Team-A,Diffusion,2,NVIDIA 3090 (350W),350,38.56,1.75,28.0,99.0,47.24,1.323,100.0
RUN-0053,2024-09-19 05:00:00,NLP-Team,Diffusion,8,NVIDIA 3090 (350W),700,2.66,1.4,28.0,99.0,20.85,0.584,100.0
RUN-0054,2023-03-30 18:00:00,Research,Diffusion,1,NVIDIA A100 (400W),300,116.62,1.19,144.3,56.0,41.63,6.006,91.9
RUN-0055,2023-09-06 21:00:00,CV-Team,Vision,4,NVIDIA V100 (300W),300,98.46,1.86,28.0,99.0,219.76,6.153,100.0
RUN-0056,2024-07-09 06:00:00,CV-Team,Diffusion,2,NVIDIA A100 (400W),450,110.34,1.61,28.0,99.0,159.88,4.477,100.0
RUN-0057,2024-01-18 00:00:00,Research,LLM,1,NVIDIA A100 (400W),700,22.41,1.91,28.0,99.0,29.96,0.839,100.0
RUN-0058,2023-12-23 17:00:00,ML-Team-A,RL,1,NVIDIA A100 (400W),450,102.82,1.16,28.0,99.0,53.67,1.503,100.0
RUN-0059,2024-04-09 01:00:00,ML-Team-B,LLM,16,NVIDIA 3090 (350W),400,111.24,1.34,28.0,99.0,953.99,26.712,100.0
RUN-0060,2023-11-23 13:00:00,Research,Transformer,1,NVIDIA V100 (300W),300,31.8,1.26,28.0,99.0,12.02,0.337,100.0
RUN-0061,2024-12-27 02:00:00,ML-Team-B,Diffusion,64,NVIDIA V100 (300W),300,35.15,1.55,28.0,99.0,1046.06,29.29,100.0
RUN-0062,2023-01-26 19:00:00,NLP-Team,CNN,4,NVIDIA 3090 (350W),200,2.33,1.76,107.8,51.6,3.28,0.354,98.9
RUN-0063,2024-10-11 04:00:00,Infra,Transformer,2,NVIDIA 4090 (450W),400,13.2,1.84,28.0,99.0,19.43,0.544,100.0
RUN-0064,2024-06-21 16:00:00,Research,CNN,16,NVIDIA H100 (700W),350,82.69,1.98,28.0,99.0,916.87,25.672,100.0
RUN-0065,2024-07-07 13:00:00,CV-Team,Transformer,4,NVIDIA V100 (300W),200,100.52,1.11,28.0,99.0,89.26,2.499,100.0
RUN-0066,2024-08-12 02:00:00,NLP-Team,Transformer,2,NVIDIA V100 (300W),200,10.6,1.86,28.0,99.0,7.89,0.221,100.0
RUN-0067,2023-11-28 16:00:00,Research,RL,32,NVIDIA A100 (400W),350,5.91,1.27,28.0,99.0,84.06,2.354,100.0
RUN-0068,2023-12-27 09:00:00,ML-Team-B,LLM,4,NVIDIA V100 (300W),350,116.73,1.59,28.0,99.0,259.84,7.276,100.0
RUN-0069,2023-10-26 11:00:00,Infra,Diffusion,4,NVIDIA 3090 (350W),300,0.63,1.44,28.0,99.0,1.09,0.031,100.0
RUN-0070,2023-10-03 09:00:00,ML-Team-A,CNN,2,NVIDIA 4090 (450W),450,93.26,1.18,76.2,99.0,99.04,7.542,100.0
RUN-0071,2023-02-27 21:00:00,ML-Team-A,Tabular,8,NVIDIA 3090 (350W),200,36.31,1.67,79.0,59.3,97.02,7.662,100.0
RUN-0072,2023-08-01 23:00:00,Research,Transformer,32,NVIDIA 4090 (450W),700,94.19,1.64,136.1,99.0,3460.16,470.962,100.0
RUN-0073,2023-07-25 01:00:00,CV-Team,Tabular,4,NVIDIA 4090 (450W),700,74.44,1.23,103.1,99.0,256.37,26.424,100.0
RUN-0074,2024-11-22 05:00:00,ML-Team-A,Vision,2,NVIDIA 3090 (350W),450,90.47,1.61,28.0,99.0,131.09,3.671,100.0
RUN-0075,2023-11-11 22:00:00,ML-Team-A,RL,1,NVIDIA 4090 (450W),200,5.5,1.67,28.0,99.0,1.84,0.052,100.0
RUN-0076,2023-03-12 07:00:00,Infra,Diffusion,32,NVIDIA A100 (400W),200,75.33,1.71,141.0,53.6,824.41,116.209,91.5
RUN-0077,2024-09-16 21:00:00,NLP-Team,LLM,64,NVIDIA 3090 (350W),200,89.92,1.55,28.0,99.0,1784.01,49.952,100.0
RUN-0078,2023-04-02 04:00:00,Research,CNN,32,NVIDIA H100 (700W),700,57.13,1.83,110.6,74.4,2341.87,258.964,100.0
RUN-0079,2023-11-13 00:00:00,Infra,LLM,32,NVIDIA 4090 (450W),700,117.1,1.54,28.0,99.0,4039.48,113.105,100.0
RUN-0080,2024-01-29 06:00:00,ML-Team-A,Tabular,64,NVIDIA H100 (700W),200,74.23,1.68,28.0,99.0,1596.24,44.695,100.0
RUN-0081,2024-03-29 23:00:00,NLP-Team,CNN,4,NVIDIA A100 (400W),700,89.31,1.37,28.0,99.0,342.59,9.593,100.0
RUN-0082,2024-10-21 15:00:00,CV-Team,CNN,1,NVIDIA 4090 (450W),400,32.62,1.7,28.0,99.0,22.18,0.621,100.0
RUN-0083,2024-02-03 02:00:00,ML-Team-A,Tabular,32,NVIDIA H100 (700W),450,34.62,1.52,28.0,99.0,757.76,21.217,100.0
RUN-0084,2024-03-02 12:00:00,NLP-Team,RL,1,NVIDIA V100 (300W),400,2.59,1.51,28.0,99.0,1.56,0.044,100.0
RUN-0085,2024-06-13 04:00:00,CV-Team,Tabular,2,NVIDIA V100 (300W),300,9.42,1.18,28.0,99.0,6.67,0.187,100.0
RUN-0086,2024-05-06 21:00:00,ML-Team-A,Transformer,2,NVIDIA V100 (300W),450,98.52,1.56,28.0,99.0,138.32,3.873,100.0
RUN-0087,2023-11-13 21:00:00,Infra,Transformer,8,NVIDIA 4090 (450W),400,47.59,1.24,28.0,99.0,188.84,5.288,100.0
RUN-0088,2024-07-08 12:00:00,Research,LLM,4,NVIDIA V100 (300W),700,17.31,1.41,40.1,99.0,68.34,2.738,100.0
RUN-0089,2023-01-04 09:00:00,ML-Team-B,Transformer,4,NVIDIA A100 (400W),350,100.77,1.21,153.3,38.7,170.7,26.175,81.0
RUN-0090,2024-02-01 17:00:00,NLP-Team,LLM,4,NVIDIA V100 (300W),350,8.26,1.45,28.0,99.0,16.77,0.47,100.0
RUN-0091,2024-08-08 10:00:00,ML-Team-A,Vision,64,NVIDIA V100 (300W),350,102.58,1.35,28.0,99.0,3102.02,86.857,100.0
RUN-0092,2023-07-24 07:00:00,Research,Vision,2,NVIDIA 4090 (450W),350,52.63,1.38,140.6,99.0,50.84,7.15,100.0
RUN-0093,2023-02-10 14:00:00,NLP-Team,Tabular,64,NVIDIA H100 (700W),700,48.3,1.89,142.3,20.4,4089.66,582.0,74.6
RUN-0094,2023-04-22 00:00:00,ML-Team-B,Transformer,1,NVIDIA V100 (300W),700,49.6,1.65,117.2,83.5,57.29,6.717,100.0
RUN-0095,2024-10-25 23:00:00,Research,Diffusion,1,NVIDIA V100 (300W),450,15.71,1.52,28.0,99.0,10.75,0.301,100.0
RUN-0096,2023-12-17 04:00:00,CV-Team,CNN,32,NVIDIA V100 (300W),700,117.17,1.33,28.0,99.0,3490.73,97.74,100.0
RUN-0097,2024-10-22 16:00:00,ML-Team-B,LLM,16,NVIDIA H100 (700W),700,47.63,1.25,28.0,99.0,666.82,18.671,100.0
RUN-0098,2024-11-15 11:00:00,Research,Vision,64,NVIDIA 4090 (450W),400,66.27,1.51,28.0,99.0,2561.73,71.728,100.0
RUN-0099,2024-08-07 13:00:00,Research,Tabular,2,NVIDIA A100 (400W),450,23.49,1.18,28.0,99.0,24.95,0.699,100.0
RUN-0100,2024-03-12 22:00:00,ML-Team-A,Transformer,2,NVIDIA 4090 (450W),350,31.37,1.61,28.0,99.0,35.35,0.99,100.0
RUN-0101,2024-06-07 16:00:00,Research,Vision,8,NVIDIA A100 (400W),700,63.14,1.44,28.0,99.0,509.16,14.256,100.0
RUN-0102,2024-11-12 03:00:00,NLP-Team,Tabular,4,NVIDIA H100 (700W),450,116.14,1.21,28.0,99.0,252.95,7.083,100.0
RUN-0103,2023-05-08 10:00:00,Infra,Diffusion,4,NVIDIA A100 (400W),300,46.46,1.68,168.3,81.4,93.66,15.768,98.6
RUN-0104,2023-06-24 17:00:00,Infra,Tabular,1,NVIDIA 4090 (450W),400,85.29,1.91,122.5,93.2,65.16,7.98,100.0
RUN-0105,2023-01-02 05:00:00,NLP-Team,Vision,1,NVIDIA 4090 (450W),400,111.66,1.94,103.9,47.4,86.65,9.004,97.7
RUN-0106,2024-09-05 23:00:00,CV-Team,LLM,2,NVIDIA 4090 (450W),200,27.24,1.24,28.0,99.0,13.51,0.378,100.0
RUN-0107,2023-04-28 01:00:00,NLP-Team,LLM,16,NVIDIA V100 (300W),200,0.66,1.21,103.1,78.8,2.56,0.264,100.0
RUN-0108,2023-06-25 17:00:00,ML-Team-A,LLM,32,NVIDIA A100 (400W),350,63.63,1.49,157.1,98.7,1061.86,166.818,100.0
RUN-0109,2024-02-16 01:00:00,NLP-Team,LLM,16,NVIDIA A100 (400W),450,23.41,1.33,28.0,99.0,224.17,6.277,100.0
RUN-0110,2024-02-17 16:00:00,ML-Team-B,RL,8,NVIDIA 3090 (350W),350,115.09,1.68,28.0,99.0,541.38,15.159,100.0
RUN-0111,2023-11-18 12:00:00,CV-Team,Diffusion,16,NVIDIA A100 (400W),300,4.0,1.47,28.0,99.0,28.22,0.79,100.0
RUN-0112,2023-01-31 17:00:00,ML-Team-A,Diffusion,2,NVIDIA H100 (700W),400,106.24,1.68,142.3,36.4,142.79,20.32,82.6
RUN-0113,2024-08-03 08:00:00,CV-Team,RL,4,NVIDIA V100 (300W),300,59.41,1.73,28.0,99.0,123.34,3.454,100.0
RUN-0114,2024-06-26 03:00:00,NLP-Team,LLM,2,NVIDIA H100 (700W),200,95.75,1.77,28.0,99.0,67.79,1.898,100.0
RUN-0115,2024-11-08 18:00:00,Infra,CNN,2,NVIDIA V100 (300W),350,92.02,1.27,28.0,99.0,81.81,2.291,100.0
RUN-0116,2024-02-08 16:00:00,ML-Team-B,RL,1,NVIDIA 4090 (450W),450,59.74,1.27,28.0,99.0,34.14,0.956,100.0
RUN-0117,2023-03-20 00:00:00,ML-Team-A,Tabular,16,NVIDIA H100 (700W),300,110.67,1.15,85.7,75.6,610.9,52.366,100.0
RUN-0118,2024-07-22 03:00:00,CV-Team,Diffusion,1,NVIDIA A100 (400W),700,7.69,1.45,28.0,99.0,7.81,0.219,100.0
RUN-0119,2023-04-20 08:00:00,NLP-Team,Transformer,2,NVIDIA 4090 (450W),350,23.29,1.69,175.2,73.3,27.55,4.825,92.9
RUN-0120,2023-02-14 13:00:00,Research,RL,4,NVIDIA H100 (700W),700,87.18,1.86,161.5,32.7,454.03,73.339,76.0
RUN-0121,2023-05-30 18:00:00,ML-Team-A,Tabular,1,NVIDIA H100 (700W),200,33.94,1.42,182.3,76.8,9.64,1.757,92.8
RUN-0122,2024-06-04 00:00:00,ML-Team-A,Transformer,4,NVIDIA 4090 (450W),350,98.73,1.49,28.0,99.0,205.95,5.767,100.0
RUN-0123,2023-09-26 05:00:00,Research,Transformer,4,NVIDIA 4090 (450W),450,110.38,1.27,39.5,99.0,252.33,9.957,100.0
RUN-0124,2023-02-12 08:00:00,Infra,LLM,32,NVIDIA 4090 (450W),400,30.14,1.66,124.5,37.7,640.41,79.757,87.7
RUN-0125,2023-02-18 14:00:00,ML-Team-B,Transformer,8,NVIDIA A100 (400W),200,96.5,1.16,177.3,30.6,179.1,31.758,71.0
RUN-0126,2024-04-08 22:00:00,ML-Team-A,Diffusion,4,NVIDIA V100 (300W),350,40.53,1.96,28.0,99.0,111.21,3.114,100.0
RUN-0127,2024-01-13 07:00:00,CV-Team,LLM,4,NVIDIA A100 (400W),200,86.73,1.64,28.0,99.0,113.79,3.186,100.0
RUN-0128,2023-11-17 07:00:00,Infra,Vision,1,NVIDIA V100 (300W),400,86.01,1.52,28.0,99.0,52.29,1.464,100.0
RUN-0129,2024-08-11 00:00:00,ML-Team-A,Vision,64,NVIDIA V100 (300W),400,16.36,1.55,28.0,99.0,649.16,18.176,100.0
RUN-0130,2023-07-27 14:00:00,Research,Vision,16,NVIDIA 3090 (350W),300,39.67,1.39,173.9,99.0,264.68,46.03,100.0
RUN-0131,2023-04-19 21:00:00,Infra,LLM,16,NVIDIA A100 (400W),300,47.31,1.24,118.6,68.5,281.59,33.399,100.0
RUN-0132,2024-10-20 16:00:00,ML-Team-A,LLM,16,NVIDIA V100 (300W),450,39.43,1.98,28.0,99.0,562.11,15.739,100.0
RUN-0133,2023-04-26 19:00:00,Infra,CNN,2,NVIDIA H100 (700W),200,50.82,1.99,148.7,74.4,40.45,6.013,100.0
RUN-0134,2023-07-02 11:00:00,CV-Team,Tabular,8,NVIDIA A100 (400W),400,74.63,1.71,177.1,97.8,408.38,72.304,100.0
RUN-0135,2024-02-07 07:00:00,CV-Team,Diffusion,4,NVIDIA H100 (700W),350,68.24,1.44,28.0,99.0,137.57,3.852,100.0
RUN-0136,2024-08-23 22:00:00,NLP-Team,CNN,2,NVIDIA V100 (300W),300,29.82,1.24,28.0,99.0,22.19,0.621,100.0
RUN-0137,2023-03-31 11:00:00,ML-Team-B,Transformer,8,NVIDIA A100 (400W),350,119.1,1.56,160.8,41.8,520.23,83.643,80.7
RUN-0138,2024-09-26 09:00:00,ML-Team-B,Vision,1,NVIDIA 4090 (450W),200,1.04,1.89,28.0,99.0,0.39,0.011,100.0
RUN-0139,2024-05-26 11:00:00,NLP-Team,Vision,1,NVIDIA 3090 (350W),350,28.33,1.15,41.5,99.0,11.4,0.473,100.0
RUN-0140,2023-09-24 02:00:00,NLP-Team,Diffusion,1,NVIDIA A100 (400W),350,61.76,1.26,28.0,99.0,27.24,0.763,100.0
RUN-0141,2023-05-26 10:00:00,ML-Team-A,Diffusion,32,NVIDIA V100 (300W),450,85.31,1.41,188.2,82.6,1732.13,326.056,94.2
RUN-0142,2023-07-14 00:00:00,CV-Team,Transformer,1,NVIDIA H100 (700W),300,119.98,1.13,99.5,99.0,40.67,4.048,100.0
RUN-0143,2023-01-17 12:00:00,NLP-Team,Diffusion,64,NVIDIA A100 (400W),350,49.37,1.43,124.2,44.8,1581.42,196.381,91.3
RUN-0144,2023-10-06 17:00:00,ML-Team-A,Vision,1,NVIDIA 4090 (450W),400,65.99,1.16,37.4,99.0,30.62,1.144,100.0
RUN-0145,2023-08-01 00:00:00,CV-Team,Diffusion,32,NVIDIA 4090 (450W),450,11.39,1.25,91.0,99.0,205.02,18.661,100.0
RUN-0146,2024-01-23 19:00:00,CV-Team,Tabular,32,NVIDIA V100 (300W),350,50.43,1.15,28.0,99.0,649.54,18.187,100.0
RUN-0147,2024-07-20 08:00:00,Research,Transformer,8,NVIDIA H100 (700W),200,103.78,2.0,28.0,99.0,332.1,9.299,100.0
RUN-0148,2024-06-18 11:00:00,ML-Team-B,RL,32,NVIDIA A100 (400W),400,24.84,1.11,28.0,99.0,352.93,9.882,100.0
RUN-0149,2023-05-05 13:00:00,ML-Team-B,CNN,8,NVIDIA A100 (400W),450,106.0,1.51,236.3,50.4,576.22,136.143,66.2
RUN-0150,2023-03-13 13:00:00,ML-Team-A,Tabular,16,NVIDIA 3090 (350W),300,77.06,1.92,169.4,44.3,710.18,120.326,79.8
RUN-0151,2024-05-22 07:00:00,ML-Team-B,Tabular,32,NVIDIA H100 (700W),450,21.02,1.41,28.0,99.0,426.79,11.95,100.0
RUN-0152,2023-04-03 14:00:00,ML-Team-B,Diffusion,1,NVIDIA H100 (700W),400,59.12,1.82,186.7,38.7,43.04,8.035,72.7
RUN-0153,2023-03-02 09:00:00,Infra,LLM,8,NVIDIA 3090 (350W),350,6.88,1.93,151.0,40.0,37.18,5.613,82.3
RUN-0154,2023-08-08 19:00:00,ML-Team-B,Vision,32,NVIDIA 4090 (450W),300,74.72,1.65,125.4,99.0,1183.56,148.407,100.0
RUN-0155,2023-09-08 19:00:00,ML-Team-B,RL,16,NVIDIA V100 (300W),300,5.48,1.94,88.3,99.0,51.03,4.507,100.0
RUN-0156,2023-06-19 00:00:00,ML-Team-B,LLM,2,NVIDIA 3090 (350W),300,116.5,1.83,144.1,99.0,127.92,18.431,100.0
RUN-0157,2023-02-23 01:00:00,NLP-Team,Vision,32,NVIDIA V100 (300W),350,14.57,1.64,75.4,69.2,267.62,20.168,100.0
RUN-0158,2024-07-28 12:00:00,Research,RL,4,NVIDIA 3090 (350W),450,30.29,1.45,28.0,99.0,79.06,2.214,100.0
RUN-0159,2024-08-22 11:00:00,Infra,CNN,2,NVIDIA 4090 (450W),200,0.92,1.99,28.0,99.0,0.73,0.02,100.0
RUN-0160,2024-09-18 17:00:00,ML-Team-A,CNN,64,NVIDIA V100 (300W),300,97.36,1.46,28.0,99.0,2729.2,76.418,100.0
RUN-0161,2024-08-11 21:00:00,CV-Team,LLM,4,NVIDIA A100 (400W),200,96.37,1.55,28.0,99.0,119.5,3.346,100.0
RUN-0162,2023-06-28 20:00:00,ML-Team-A,LLM,1,NVIDIA 3090 (350W),700,37.99,1.75,107.4,99.0,46.54,4.998,100.0
RUN-0163,2024-05-31 21:00:00,NLP-Team,Transformer,32,NVIDIA A100 (400W),300,3.59,1.16,28.0,99.0,39.98,1.119,100.0
RUN-0164,2023-09-23 11:00:00,ML-Team-B,Transformer,2,NVIDIA H100 (700W),400,34.9,1.83,94.5,99.0,51.09,4.83,100.0
RUN-0165,2023-04-01 10:00:00,Research,Tabular,64,NVIDIA V100 (300W),350,73.45,1.33,190.1,55.4,2188.22,415.871,80.2
RUN-0166,2024-09-16 03:00:00,ML-Team-B,Tabular,2,NVIDIA V100 (300W),350,60.52,1.93,28.0,99.0,81.76,2.289,100.0
RUN-0167,2024-11-22 20:00:00,Infra,CNN,2,NVIDIA V100 (300W),350,44.99,1.28,28.0,99.0,40.31,1.129,100.0
RUN-0168,2024-03-24 14:00:00,NLP-Team,LLM,8,NVIDIA V100 (300W),300,95.16,1.34,28.0,99.0,306.03,8.569,100.0
RUN-0169,2024-09-11 13:00:00,ML-Team-A,Diffusion,16,NVIDIA 3090 (350W),450,69.82,1.89,28.0,99.0,950.11,26.603,100.0
RUN-0170,2024-06-23 06:00:00,NLP-Team,CNN,32,NVIDIA V100 (300W),350,32.14,1.99,28.0,99.0,716.34,20.058,100.0
RUN-0171,2024-03-28 16:00:00,CV-Team,LLM,64,NVIDIA V100 (300W),200,53.35,1.26,28.0,99.0,860.43,24.092,100.0
RUN-0172,2024-12-06 15:00:00,NLP-Team,Transformer,4,NVIDIA V100 (300W),350,76.89,1.99,28.0,99.0,214.22,5.998,100.0
RUN-0173,2023-01-04 10:00:00,CV-Team,RL,32,NVIDIA 4090 (450W),200,26.99,1.36,179.8,27.8,234.92,42.25,68.9
RUN-0174,2024-12-01 23:00:00,CV-Team,LLM,4,NVIDIA A100 (400W),200,16.28,1.3,28.0,99.0,16.93,0.474,100.0
RUN-0175,2023-03-17 06:00:00,Research,Tabular,1,NVIDIA H100 (700W),450,42.92,1.2,134.4,65.1,23.18,3.115,98.9
RUN-0176,2024-07-19 04:00:00,NLP-Team,Vision,16,NVIDIA 4090 (450W),350,70.9,1.28,28.0,99.0,508.21,14.23,100.0
RUN-0177,2023-08-06 13:00:00,ML-Team-B,RL,2,NVIDIA A100 (400W),200,112.42,1.32,162.8,99.0,59.36,9.667,100.0
RUN-0178,2023-03-29 22:00:00,Infra,Vision,32,NVIDIA V100 (300W),300,104.62,1.8,91.3,65.7,1807.83,165.055,100.0
RUN-0179,2023-01-17 16:00:00,NLP-Team,Transformer,1,NVIDIA 3090 (350W),700,98.6,1.9,106.2,17.9,131.14,13.932,82.4
RUN-0180,2024-08-29 20:00:00,ML-Team-A,LLM,16,NVIDIA A100 (400W),450,88.16,1.32,28.0,99.0,837.87,23.46,100.0
RUN-0181,2024-12-27 17:00:00,ML-Team-A,LLM,1,NVIDIA 3090 (350W),400,22.69,1.24,28.0,99.0,11.25,0.315,100.0
RUN-0182,2023-09-28 07:00:00,NLP-Team,Transformer,2,NVIDIA 4090 (450W),400,24.34,1.65,36.8,99.0,32.13,1.184,100.0
RUN-0183,2023-08-28 10:00:00,CV-Team,Vision,16,NVIDIA 4090 (450W),350,8.12,1.66,124.7,99.0,75.48,9.409,100.0
RUN-0184,2023-01-10 16:00:00,CV-Team,Transformer,8,NVIDIA 4090 (450W),400,89.55,1.52,137.3,44.2,435.57,59.804,87.8
RUN-0185,2023-08-29 11:00:00,ML-Team-A,Diffusion,2,NVIDIA V100 (300W),200,31.74,1.68,131.2,99.0,21.33,2.799,100.0
RUN-0186,2023-03-14 17:00:00,NLP-Team,Diffusion,4,NVIDIA V100 (300W),700,66.68,1.49,142.4,50.7,278.19,39.623,89.8
RUN-0187,2023-10-25 06:00:00,ML-Team-B,Vision,1,NVIDIA H100 (700W),450,2.32,1.33,28.0,99.0,1.39,0.039,100.0
RUN-0188,2023-08-07 08:00:00,NLP-Team,CNN,32,NVIDIA 4090 (450W),350,23.44,1.45,141.1,99.0,380.67,53.728,100.0
RUN-0189,2024-10-04 00:00:00,Infra,Transformer,8,NVIDIA H100 (700W),450,83.87,1.87,28.0,99.0,564.61,15.809,100.0
RUN-0190,2024-02-26 04:00:00,NLP-Team,CNN,64,NVIDIA H100 (700W),300,47.29,1.63,28.0,99.0,1479.99,41.44,100.0
RUN-0191,2023-02-15 22:00:00,Research,CNN,1,NVIDIA A100 (400W),200,13.25,1.94,119.7,34.8,5.14,0.615,87.5
RUN-0192,2023-02-13 03:00:00,CV-Team,LLM,1,NVIDIA A100 (400W),300,83.27,1.67,116.7,62.6,41.72,4.867,100.0
RUN-0193,2023-04-01 18:00:00,NLP-Team,Transformer,64,NVIDIA A100 (400W),450,91.53,1.28,173.9,49.9,3374.16,586.766,81.5
RUN-0194,2024-06-09 01:00:00,ML-Team-A,Vision,1,NVIDIA A100 (400W),300,25.08,1.2,28.0,99.0,9.03,0.253,100.0
RUN-0195,2024-01-29 08:00:00,CV-Team,CNN,8,NVIDIA V100 (300W),200,16.35,1.81,28.0,99.0,47.35,1.326,100.0
RUN-0196,2024-03-12 17:00:00,Research,LLM,4,NVIDIA V100 (300W),400,31.71,1.42,28.0,99.0,72.05,2.017,100.0
RUN-0197,2024-03-15 00:00:00,NLP-Team,Transformer,64,NVIDIA A100 (400W),450,60.7,1.87,28.0,99.0,3269.06,91.534,100.0
RUN-0198,2024-07-18 18:00:00,Infra,Transformer,1,NVIDIA A100 (400W),400,62.48,1.19,28.0,99.0,29.74,0.833,100.0
RUN-0199,2023-10-24 16:00:00,Infra,LLM,32,NVIDIA 3090 (350W),200,69.16,1.36,28.0,99.0,601.97,16.855,100.0
RUN-0200,2023-10-04 20:00:00,Infra,Transformer,4,NVIDIA H100 (700W),200,1.02,1.54,28.0,99.0,1.26,0.035,100.0
RUN-0201,2024-11-07 06:00:00,NLP-Team,CNN,16,NVIDIA V100 (300W),350,114.89,1.56,28.0,99.0,1003.68,28.103,100.0
RUN-0202,2023-10-22 03:00:00,CV-Team,Vision,32,NVIDIA A100 (400W),300,60.05,1.2,28.0,99.0,691.78,19.37,100.0
RUN-0203,2024-11-01 09:00:00,Research,Diffusion,64,NVIDIA A100 (400W),700,67.57,1.19,28.0,99.0,3602.29,100.864,100.0
RUN-0204,2024-07-02 20:00:00,ML-Team-A,Diffusion,8,NVIDIA H100 (700W),700,10.8,1.9,28.0,99.0,114.91,3.217,100.0
RUN-0205,2024-02-19 21:00:00,Infra,Transformer,4,NVIDIA H100 (700W),400,108.2,1.55,28.0,99.0,268.34,7.514,100.0
RUN-0206,2024-09-22 07:00:00,NLP-Team,Transformer,2,NVIDIA A100 (400W),450,71.49,1.72,28.0,99.0,110.67,3.099,100.0
RUN-0207,2024-04-21 19:00:00,Infra,Transformer,16,NVIDIA 3090 (350W),350,62.85,1.88,28.0,99.0,661.68,18.527,100.0
RUN-0208,2024-03-18 11:00:00,NLP-Team,CNN,2,NVIDIA H100 (700W),400,52.94,1.8,28.0,99.0,76.23,2.134,100.0
RUN-0209,2024-04-02 02:00:00,ML-Team-B,Diffusion,8,NVIDIA V100 (300W),700,106.27,1.31,28.0,99.0,779.6,21.829,100.0
RUN-0210,2023-08-01 01:00:00,NLP-Team,Tabular,32,NVIDIA V100 (300W),300,116.98,1.75,78.0,99.0,1965.26,153.29,100.0
RUN-0211,2023-08-09 17:00:00,CV-Team,LLM,2,NVIDIA H100 (700W),350,114.72,1.33,144.6,99.0,106.8,15.439,100.0
RUN-0212,2023-05-20 18:00:00,Research,Transformer,2,NVIDIA V100 (300W),400,18.54,1.23,147.7,89.8,18.24,2.695,100.0
RUN-0213,2024-08-17 19:00:00,Research,CNN,4,NVIDIA 4090 (450W),300,13.56,1.92,28.0,99.0,31.24,0.875,100.0
RUN-0214,2024-09-26 09:00:00,CV-Team,CNN,1,NVIDIA 3090 (350W),200,48.18,1.81,28.0,99.0,17.44,0.488,100.0
RUN-0215,2024-02-10 10:00:00,Infra,LLM,8,NVIDIA H100 (700W),200,17.45,1.64,28.0,99.0,45.79,1.282,100.0
RUN-0216,2024-08-11 03:00:00,ML-Team-B,Transformer,32,NVIDIA 3090 (350W),450,70.7,1.68,28.0,99.0,1710.37,47.89,100.0
RUN-0217,2023-11-10 02:00:00,Research,Diffusion,32,NVIDIA A100 (400W),300,77.16,1.51,28.0,99.0,1118.51,31.318,100.0
RUN-0218,2024-07-27 20:00:00,Research,Vision,2,NVIDIA 4090 (450W),400,85.72,1.67,28.0,99.0,114.52,3.207,100.0
RUN-0219,2024-10-22 02:00:00,CV-Team,Transformer,8,NVIDIA H100 (700W),200,74.78,1.47,28.0,99.0,175.88,4.925,100.0
RUN-0220,2024-03-24 21:00:00,ML-Team-A,LLM,64,NVIDIA V100 (300W),200,46.95,1.54,28.0,99.0,925.48,25.913,100.0
RUN-0221,2023-10-26 11:00:00,NLP-Team,Diffusion,2,NVIDIA A100 (400W),700,93.92,1.95,28.0,99.0,256.4,7.179,100.0
RUN-0222,2024-09-16 15:00:00,CV-Team,Vision,16,NVIDIA V100 (300W),300,86.22,1.56,28.0,99.0,645.62,18.077,100.0
RUN-0223,2024-12-14 06:00:00,CV-Team,CNN,4,NVIDIA 4090 (450W),400,89.18,1.51,28.0,99.0,215.46,6.033,100.0
RUN-0224,2024-12-03 11:00:00,CV-Team,LLM,64,NVIDIA V100 (300W),200,87.63,1.65,28.0,99.0,1850.75,51.821,100.0
RUN-0225,2024-01-11 14:00:00,Infra,Transformer,8,NVIDIA V100 (300W),400,7.85,1.17,28.0,99.0,29.39,0.823,100.0
RUN-0226,2023-12-30 00:00:00,NLP-Team,CNN,1,NVIDIA 4090 (450W),300,36.77,1.46,28.0,99.0,16.11,0.451,100.0
RUN-0227,2024-09-23 22:00:00,CV-Team,CNN,2,NVIDIA 4090 (450W),300,15.95,1.8,28.0,99.0,17.23,0.482,100.0
RUN-0228,2023-11-06 13:00:00,Infra,RL,64,NVIDIA V100 (300W),300,42.7,1.67,28.0,99.0,1369.13,38.336,100.0
RUN-0229,2023-06-21 21:00:00,Research,Transformer,64,NVIDIA 4090 (450W),400,42.89,1.87,108.7,99.0,2053.23,223.268,100.0
RUN-0230,2023-12-14 04:00:00,CV-Team,Vision,8,NVIDIA V100 (300W),700,22.71,1.1,28.0,99.0,139.89,3.917,100.0
RUN-0231,2024-05-04 18:00:00,Infra,Tabular,2,NVIDIA A100 (400W),700,36.57,1.53,28.0,99.0,78.33,2.193,100.0
RUN-0232,2024-05-10 20:00:00,NLP-Team,Diffusion,2,NVIDIA H100 (700W),350,102.61,1.15,28.0,99.0,82.6,2.313,100.0
RUN-0233,2024-12-26 12:00:00,ML-Team-A,CNN,64,NVIDIA A100 (400W),350,76.16,1.11,28.0,99.0,1893.64,53.022,100.0
RUN-0234,2024-02-06 00:00:00,ML-Team-B,CNN,4,NVIDIA 4090 (450W),450,12.63,1.23,28.0,99.0,27.96,0.783,100.0
RUN-0235,2024-04-19 00:00:00,NLP-Team,CNN,64,NVIDIA 3090 (350W),300,25.42,1.46,28.0,99.0,712.57,19.952,100.0
RUN-0236,2023-05-05 10:00:00,ML-Team-B,RL,32,NVIDIA H100 (700W),450,94.67,1.85,186.7,77.8,2522.01,470.884,92.2
RUN-0237,2024-12-26 17:00:00,ML-Team-A,Tabular,1,NVIDIA A100 (400W),700,100.79,1.7,28.0,99.0,119.94,3.358,100.0
RUN-0238,2023-12-29 02:00:00,NLP-Team,LLM,8,NVIDIA 4090 (450W),300,99.33,1.53,28.0,99.0,364.74,10.213,100.0
RUN-0239,2024-09-30 17:00:00,NLP-Team,Tabular,2,NVIDIA A100 (400W),700,59.22,1.55,28.0,99.0,128.51,3.598,100.0
RUN-0240,2023-08-08 22:00:00,CV-Team,Diffusion,64,NVIDIA 4090 (450W),350,56.42,1.61,73.0,99.0,2034.73,148.474,100.0
RUN-0241,2024-05-27 22:00:00,ML-Team-B,Transformer,8,NVIDIA V100 (300W),400,119.99,1.71,28.0,99.0,656.59,18.385,100.0
RUN-0242,2023-02-09 22:00:00,Research,Vision,1,NVIDIA A100 (400W),450,5.98,1.76,91.0,52.2,4.74,0.431,100.0
RUN-0243,2024-11-29 04:00:00,ML-Team-B,Transformer,8,NVIDIA 4090 (450W),400,90.98,1.23,28.0,99.0,358.1,10.027,100.0
RUN-0244,2023-06-24 06:00:00,Infra,Vision,4,NVIDIA 3090 (350W),200,103.47,1.43,140.8,99.0,118.37,16.664,100.0
RUN-0245,2023-10-16 17:00:00,ML-Team-A,Vision,4,NVIDIA V100 (300W),400,41.36,1.33,28.0,99.0,88.01,2.464,100.0
RUN-0246,2024-02-05 21:00:00,Research,Vision,4,NVIDIA 3090 (350W),400,48.75,1.55,28.0,99.0,120.9,3.385,100.0
RUN-0247,2024-04-16 18:00:00,ML-Team-B,Diffusion,2,NVIDIA V100 (300W),700,59.32,1.21,28.0,99.0,100.49,2.814,100.0
RUN-0248,2023-06-25 04:00:00,Infra,Transformer,16,NVIDIA 3090 (350W),700,10.97,2.0,137.7,99.0,245.73,33.827,100.0
RUN-0249,2024-07-09 08:00:00,ML-Team-A,LLM,16,NVIDIA H100 (700W),450,6.44,1.37,28.0,99.0,63.52,1.779,100.0
RUN-0250,2024-10-11 14:00:00,NLP-Team,Tabular,16,NVIDIA 4090 (450W),700,7.69,1.55,28.0,99.0,133.5,3.738,100.0
RUN-0251,2023-07-21 18:00:00,CV-Team,LLM,32,NVIDIA H100 (700W),700,83.72,1.64,151.7,99.0,3075.54,466.59,100.0
RUN-0252,2023-02-24 21:00:00,ML-Team-A,Transformer,32,NVIDIA H100 (700W),700,55.22,1.79,85.9,62.7,2214.1,190.147,100.0
RUN-0253,2023-02-21 11:00:00,Research,Vision,8,NVIDIA H100 (700W),200,109.73,1.69,186.9,25.3,296.71,55.464,65.9
RUN-0254,2024-02-28 08:00:00,Infra,LLM,16,NVIDIA V100 (300W),700,31.33,1.37,28.0,99.0,480.73,13.46,100.0
RUN-0255,2023-01-29 20:00:00,ML-Team-A,RL,8,NVIDIA 3090 (350W),450,77.19,1.94,74.7,50.0,539.09,40.243,100.0
RUN-0256,2024-12-14 21:00:00,CV-Team,RL,1,NVIDIA 4090 (450W),200,92.97,1.48,28.0,99.0,27.52,0.771,100.0
RUN-0257,2023-04-03 18:00:00,CV-Team,CNN,1,NVIDIA 4090 (450W),700,46.76,1.63,164.1,47.0,53.35,8.756,82.5
RUN-0258,2024-07-18 02:00:00,ML-Team-B,Transformer,16,NVIDIA A100 (400W),200,10.41,1.52,28.0,99.0,50.63,1.418,100.0
RUN-0259,2024-08-06 23:00:00,ML-Team-A,CNN,1,NVIDIA A100 (400W),200,82.21,1.21,28.0,99.0,19.89,0.557,100.0
RUN-0260,2023-06-27 02:00:00,Infra,Transformer,8,NVIDIA H100 (700W),200,33.42,1.61,139.6,99.0,86.09,12.02,100.0
RUN-0261,2023-03-11 10:00:00,CV-Team,Vision,4,NVIDIA A100 (400W),700,85.77,1.87,143.1,42.2,449.09,64.256,85.3
RUN-0262,2024-02-06 05:00:00,Research,LLM,32,NVIDIA A100 (400W),450,85.25,1.51,28.0,99.0,1853.68,51.903,100.0
RUN-0263,2023-01-17 13:00:00,NLP-Team,LLM,1,NVIDIA 4090 (450W),200,106.06,1.72,178.0,30.7,36.48,6.493,70.9
RUN-0264,2024-03-01 16:00:00,Infra,Tabular,4,NVIDIA A100 (400W),700,72.21,1.96,28.0,99.0,396.29,11.096,100.0
RUN-0265,2024-03-08 19:00:00,ML-Team-B,CNN,4,NVIDIA A100 (400W),450,87.47,1.52,28.0,99.0,239.32,6.701,100.0
RUN-0266,2024-05-11 23:00:00,Infra,Vision,32,NVIDIA 4090 (450W),300,75.75,1.48,28.0,99.0,1076.26,30.135,100.0
RUN-0267,2024-01-08 08:00:00,NLP-Team,Transformer,64,NVIDIA 3090 (350W),450,40.4,1.35,28.0,99.0,1570.75,43.981,100.0
RUN-0268,2024-03-30 08:00:00,ML-Team-B,Tabular,64,NVIDIA V100 (300W),450,87.22,1.11,28.0,99.0,2788.25,78.071,100.0
RUN-0269,2024-08-09 03:00:00,ML-Team-B,Vision,2,NVIDIA 4090 (450W),400,46.79,1.44,28.0,99.0,53.9,1.509,100.0
RUN-0270,2024-01-23 19:00:00,ML-Team-B,Tabular,32,NVIDIA A100 (400W),200,38.92,1.34,28.0,99.0,333.78,9.346,100.0
RUN-0271,2024-01-30 22:00:00,NLP-Team,CNN,64,NVIDIA V100 (300W),300,97.5,1.88,28.0,99.0,3519.36,98.542,100.0
RUN-0272,2024-11-14 15:00:00,Infra,CNN,4,NVIDIA H100 (700W),450,10.67,1.6,28.0,99.0,30.73,0.86,100.0
RUN-0273,2024-02-28 12:00:00,ML-Team-B,Diffusion,16,NVIDIA 3090 (350W),200,81.48,1.52,28.0,99.0,396.32,11.097,100.0
RUN-0274,2023-01-14 19:00:00,Research,Vision,64,NVIDIA A100 (400W),400,55.44,1.18,88.9,34.1,1674.73,148.934,94.8
RUN-0275,2023-11-15 22:00:00,NLP-Team,Diffusion,8,NVIDIA 4090 (450W),450,62.76,1.33,28.0,99.0,300.49,8.414,100.0
RUN-0276,2024-11-23 02:00:00,ML-Team-B,Vision,16,NVIDIA V100 (300W),300,23.1,1.27,28.0,99.0,140.82,3.943,100.0
RUN-0277,2024-05-11 09:00:00,ML-Team-B,CNN,16,NVIDIA A100 (400W),450,43.39,1.8,28.0,99.0,562.33,15.745,100.0
RUN-0278,2024-11-05 11:00:00,ML-Team-A,CNN,4,NVIDIA V100 (300W),200,44.91,1.52,28.0,99.0,54.61,1.529,100.0
RUN-0279,2023-02-12 10:00:00,ML-Team-A,CNN,4,NVIDIA 3090 (350W),350,62.58,1.12,145.1,42.0,98.13,14.239,84.7
RUN-0280,2024-10-26 23:00:00,Research,RL,16,NVIDIA A100 (400W),450,26.02,1.93,28.0,99.0,361.57,10.124,100.0
RUN-0281,2024-09-03 02:00:00,Research,Vision,64,NVIDIA A100 (400W),450,98.35,1.97,28.0,99.0,5579.99,156.24,100.0
RUN-0282,2024-04-08 15:00:00,ML-Team-A,Tabular,2,NVIDIA V100 (300W),300,45.7,1.12,28.0,99.0,30.71,0.86,100.0
RUN-0283,2024-09-18 16:00:00,ML-Team-A,Transformer,8,NVIDIA A100 (400W),200,103.62,1.68,28.0,99.0,278.53,7.799,100.0
RUN-0284,2023-12-19 03:00:00,CV-Team,Tabular,4,NVIDIA 4090 (450W),450,28.37,1.18,28.0,99.0,60.26,1.687,100.0
RUN-0285,2023-09-08 09:00:00,CV-Team,CNN,8,NVIDIA H100 (700W),300,44.82,1.31,94.7,99.0,140.91,13.35,100.0
RUN-0286,2023-02-23 17:00:00,ML-Team-A,Vision,4,NVIDIA A100 (400W),350,7.58,1.6,91.0,37.6,16.98,1.545,96.1
RUN-0287,2023-12-20 02:00:00,Infra,LLM,64,NVIDIA A100 (400W),450,85.3,1.68,28.0,99.0,4127.16,115.56,100.0
RUN-0288,2023-07-18 16:00:00,Research,Tabular,4,NVIDIA 3090 (350W),200,112.76,1.71,180.4,99.0,154.26,27.827,100.0
RUN-0289,2024-08-26 11:00:00,Research,RL,64,NVIDIA A100 (400W),700,13.1,1.39,28.0,99.0,815.76,22.841,100.0
RUN-0290,2024-05-27 23:00:00,ML-Team-B,Transformer,8,NVIDIA A100 (400W),400,20.64,1.31,28.0,99.0,86.52,2.423,100.0
RUN-0291,2024-10-01 20:00:00,ML-Team-B,LLM,32,NVIDIA 3090 (350W),300,95.96,1.24,28.0,99.0,1142.31,31.985,100.0
RUN-0292,2024-05-25 09:00:00,Infra,Vision,32,NVIDIA A100 (400W),300,93.51,1.96,28.0,99.0,1759.48,49.265,100.0
RUN-0293,2023-04-14 14:00:00,ML-Team-A,Transformer,8,NVIDIA V100 (300W),350,39.05,1.31,172.3,36.6,143.24,24.676,75.2
RUN-0294,2023-07-15 22:00:00,Infra,Tabular,4,NVIDIA H100 (700W),300,88.46,1.26,121.4,99.0,133.75,16.236,100.0
RUN-0295,2024-08-23 08:00:00,ML-Team-B,LLM,64,NVIDIA V100 (300W),300,32.33,1.47,28.0,99.0,912.48,25.549,100.0
RUN-0296,2024-02-10 21:00:00,Infra,RL,4,NVIDIA A100 (400W),300,31.65,1.2,28.0,99.0,45.58,1.276,100.0
RUN-0297,2023-07-30 09:00:00,ML-Team-B,Tabular,16,NVIDIA 4090 (450W),200,75.9,1.81,156.2,99.0,439.61,68.689,100.0
RUN-0298,2024-01-27 19:00:00,Infra,Diffusion,1,NVIDIA H100 (700W),350,90.7,1.97,28.0,99.0,62.54,1.751,100.0
RUN-0299,2023-11-23 03:00:00,ML-Team-A,Vision,1,NVIDIA V100 (300W),400,35.09,1.91,28.0,99.0,26.81,0.751,100.0
RUN-0300,2023-07-18 02:00:00,NLP-Team,CNN,32,NVIDIA 4090 (450W),200,53.33,1.56,97.9,99.0,532.45,52.111,100.0
